"","r6i1p1f1","r21i1p2f1","r13i1p2f1","r19i1p2f1","r17i1p1f1","r3i1p2f1","r11i1p1f1","r14i1p2f1","r14i1p1f1","r7i1p2f1","r12i1p2f1","r12i1p1f1","r17i1p2f1","r7i1p1f1","r25i1p1f1","r11i1p2f1","r18i1p1f1","r4i1p2f1","r21i1p1f1","r15i1p2f1","r23i1p2f1","r9i1p1f1","r25i1p2f1","r20i1p2f1"
"1941",1.15347937749786,-1.08331902338105,-0.000877006779462841,-0.974210136662319,-0.918709343205267,3.23844458745883,2.64458838628693,-2.93876824213103,-1.122610405217,-1.60842614008025,2.23335333990023,1.47053900884551,0.680977241267382,3.03054511236112,4.82042029546659,1.97578192876737,1.67707190679474,0.870082160701015,0.443793708552548,2.03257453130644,3.28490729497835,-0.143056267033374,-1.24937187982634,-1.76230309320526
"1942",3.29746771978302,-0.391931389103697,-4.17796135736543,-3.08956902338104,1.77960730718535,1.99423255132599,-1.42653832269745,3.2224796216385,1.03852301763459,0.556026374568162,-1.08700890375213,1.13195105718537,-1.22831688715057,-1.15862969232633,0.343661872615043,1.01207312749786,-1.77058403802951,-0.194105766545106,1.38248694585723,3.92514746831818,1.16546057866975,-1.56040581537324,2.05755469488067,-2.24993340326383
"1943",1.81176154302522,-0.412212150822463,3.63857062505645,1.53034125493928,1.70168769048615,-0.585290153752144,0.390935737361124,1.49349005865022,-1.17774437738496,0.193211127986124,1.6498554150955,-0.740461052189637,0.99312689947051,0.980582648982231,-3.61400078607637,0.55411444829863,1.21609168218534,2.697855598201,0.196984931697095,-1.88427117181853,-2.84979241205294,-0.384201591740437,3.61234961675566,-3.38767723871305
"1944",-2.8875072558029,2.16001776861117,-1.72932213617403,2.38773108648223,2.09662726568148,0.133645698298651,1.91785590337677,-0.507385795841981,-0.233849418888845,0.0226364819900525,1.29235877202912,0.698328010310385,0.667690192927527,-3.93579766107636,1.73643103765412,3.57987799810334,8.45214301275175,3.63858496831816,1.62476721929473,-2.29445671869353,-1.97307854486541,-1.65692681146698,-2.42750603509978,-2.04708367181852
"1945",1.82374243902128,-1.0107558519943,-1.33468193842011,-4.08039025140837,2.01294715093539,1.56403449224395,1.90992591070099,-0.296567314396669,-1.66627495599822,0.875336066951006,1.28315375493928,-1.51705437494352,-0.942351616154504,1.35948859380649,3.34841773199005,-1.74124321771698,0.897802192439262,-0.57315728021699,1.68440589116977,2.25878699468534,2.70243872808383,0.563184272517403,-2.70820336175996,0.438502265681438
"1946",4.21128729986113,2.57910773443147,0.756708442439246,3.0444946973221,1.6895056836502,1.55673712896272,-0.886506889591972,-0.882347954045092,0.00288458990022239,2.31684882329867,-1.30714104486541,1.90114386724394,-0.520026481877108,-1.84354698968966,4.18234229253691,0.8870932690994,1.23290015386506,0.986714240779111,-2.47918419672087,-2.92304863763885,1.57606604741972,3.73129431890409,0.870130378474441,2.76918067144315
"1947",3.31536078618927,1.59972357915801,0.471214668025186,0.720052558650222,0.734144050349405,1.12939246343538,-3.51276421381076,0.312160712947063,-2.22242119623263,-3.35962548090058,0.407621528376758,1.48325812505647,-1.24004265619355,-2.08562767816617,-1.54153649164274,-0.677300346623217,0.176402045954878,2.73931708501742,0.425898505915836,2.0093808667557,1.02878272222442,-0.836757744084193,1.21442664312284,-1.15406914545138
"1948",2.30338233159942,-2.60069329095916,9.32930915044707,1.44041114019316,0.124368354548635,0.494925300349405,2.78272559331819,1.32653510259554,0.134104377497863,1.30874976324005,2.06672919439242,1.29231330083773,2.09998206304474,-1.88471093011934,0.180814887751785,-4.2118822558029,2.11305518316191,1.54775946782991,0.395607673396284,1.02681281255646,-1.1082528002365,2.29646216558379,1.42399207281037,1.53970343755647
"1949",1.51980780767364,-1.11338768793183,0.90393012212676,-0.288879326115407,0.914385749568162,-3.86447319818572,0.697064582575994,1.01645056890409,1.01913031743926,0.785181648005657,1.38608405279083,-3.60780388666229,1.71311072515412,-0.881377495060701,0.198943855036902,1.09221869634551,1.56210486577914,-1.48313225580293,-3.04785088373262,3.79878791021271,-1.54639275384977,-0.123496940861528,1.22521765874787,-0.678135002384963
"1950",1.7980051343338,-2.70606163812711,0.87174994634551,-0.17979515863497,-0.0243154223068225,2.01558386968534,-2.75956322504122,2.44263953374786,-3.05271111322477,-1.60172936273651,0.367201301325972,0.119083320368959,-1.80086998773649,-3.64930748773652,-0.65003929925992,-0.492033928166195,3.20423133062289,-0.431321037541202,-1.42421105218964,1.07060004400179,0.15636176275176,-0.443627250920129,-1.80358544183807,2.45218390630648
"1951",2.7780896680252,-1.64858055902558,-2.08001732660371,-1.27950737787326,3.56541358159942,-3.08729058099822,1.71614447759554,-0.6015932543381,0.529956733454905,0.0617127149002224,-0.120078056584144,2.04126654790802,-0.951361320744311,-1.51056969476778,2.52839698003692,-0.780021904240409,-0.366038749943534,-0.494935539494311,-0.356939323673985,2.02642371343539,-2.85660332513887,2.43210364507598,-3.38698418451383,1.45026435064242
"1952",1.56050391363069,-1.68902855707245,1.24892676519317,0.630755988826008,1.72517096685332,2.46206488775176,0.366168891658028,1.9402039258377,-0.277908867131044,-0.165468681584171,2.21468177007599,0.664544746150188,-0.304912040959159,-0.50928795648651,-1.28729912592009,1.48616248296662,-0.208048942814621,0.853704292048671,3.87832160161898,2.05529547857207,1.38498603032989,3.04030219243929,3.23923987554476,0.978838874568164
"1953",-2.73022759271698,-0.00743645502168216,-0.870517509709178,-0.427253044377158,6.81072669195101,1.98482550786898,-4.28680413080291,4.32523413824004,2.10459265874786,-0.433795402775584,1.69359534429473,1.97534918950958,-3.06578667474821,1.38847144292753,3.41668280767363,1.52936774419708,2.18235053228304,2.33491461919707,1.44096015142367,1.28320685552523,1.64504401372836,-0.985514457951347,-0.0380455858810276,-0.30291222406466
"1954",1.05515845464632,2.13482184575957,-0.049750908146673,2.62057501958772,-0.384509514103716,-0.0349196703537202,1.16350775884551,-1.45390129877168,1.47134894536897,-1.30134270502167,-1.05789147211151,2.04787085699007,1.3635553662674,-0.0581365282638674,-0.00965843988494747,-3.91080895258023,0.692594367732217,1.41896063970489,1.11229956792756,1.37441931890414,1.29495215581817,2.20021125005645,0.277233649958793,-0.186963737736503
"1955",0.733070136775206,1.2221616284744,0.177331306208789,1.08889777349395,2.94046088384551,-1.38912255121307,-0.460457695256025,1.52776587652129,2.26109564947053,1.15540473150179,3.77047766851347,-3.9390587694748,-4.08885430170137,3.28286261724394,0.565645515193182,0.934049140681434,-2.94345238519747,-0.423902824650588,-1.87282158685759,0.417792121638476,3.19405493902133,-1.26369194818572,-0.316555107365425,-3.85304955316622
"1956",-1.8243908007248,2.20070716070102,2.47918555425567,1.66982306646268,-2.79850701166232,1.19586554693145,0.885316230525188,1.05326331304475,2.41954474615023,-1.3542308886154,-3.43674584222868,0.31778479741976,1.55710456060336,-1.11256707025604,1.94033850835722,-3.20336541009979,-0.995141227970892,3.67574988531034,-0.915955742131034,1.62464087652128,2.16047827886503,-2.58943016840058,2.6434140698807,-1.96756859613494
"1957",1.43146948980255,-0.970077751408362,3.4202527539627,-0.684605949650588,-2.99195671869355,1.6711740796463,2.84354743169707,1.51116980718535,2.22279380010529,0.094119331111169,3.0039542310135,-0.678167045841988,-1.40412163568575,-0.103181694279465,1.1615174024002,1.51335944341584,-1.64293663812712,-2.15658409906464,-0.478217705021691,1.33423987554473,-0.169935539494313,0.515083991755691,3.59430640386508,-0.0675853808029435
"1958",-1.65624993158414,-0.279868705998235,-1.14457695795134,0.157379829158033,-2.35950737787322,-0.326977165470903,0.875219794978322,0.30441870855258,-0.0981099779708918,2.79586249517364,1.64870368169707,1.37329444097441,-0.436673210392778,2.42635840581819,-3.52348320795137,0.172470771540836,4.19935919927522,-1.46469109369355,-1.11041832758027,3.2316217725174,-1.66570732904512,1.50986182378693,0.767521430720539,1.43421149419706
"1959",1.78862189458772,2.01335272954863,3.48620886968534,-4.09717919183809,-1.09728356195523,-1.71058739496309,-1.10632195306857,-1.57463677240449,0.747267524470514,-0.270047233830249,1.6543512647049,1.1826978223221,0.6444541089432,-1.11103844476779,-2.59548210931855,0.973030463923648,-0.988142631779451,0.575486823786939,1.11173682378693,-0.338763359318544,0.372467414607231,1.91514563726346,0.0433676831619503,-1.16800896478731
"1960",2.36699958013456,3.88043067144315,-0.0453740770919855,3.74839148687288,1.53188544439241,2.08151740240022,0.104331428279117,0.0119687573806502,-3.06293877435761,1.19913764165801,0.756864692439251,2.41337531255644,2.9404257886307,3.30609687017363,-3.59082695795133,3.5461673657791,2.33213355230256,-1.14282097650605,-0.0368877489669674,0.705808479060376,-1.07735009027559,1.06255713628695,1.38307898687289,1.99610480474397
"1961",1.73495215581817,-1.50795281244355,1.21526679204867,-1.35199150873263,-1.42949333978728,0.505148689021275,1.45273413824005,1.46298072027129,0.264580451716608,-2.76823387933807,-0.372448967228682,4.36858802007597,3.68720343755646,-3.41295098138884,-0.186161735783387,2.8983505933182,2.33427466558378,-0.249774101506032,0.989865180720544,3.19677893804473,0.780620490779113,1.60108618902131,0.697770759333787,0.17745581792758
"1962",-0.693793266545113,0.226573554743959,1.84936591314237,0.804431831111171,1.04784339116975,-1.07297234369353,-3.45340447259978,0.0709717481033383,1.01735785650176,-3.67084801508028,0.428036567439296,0.184585639704883,0.107996894587718,-1.49918877435761,-2.27007958246307,0.32100958990022,-0.978851249943518,1.77971564458769,4.1597244946854,4.42337042974397,1.6800330274002,-0.606873405705244,-0.900942009220874,1.1113123242752
"1963",0.425916511286909,-2.79381737543181,1.1379953687088,2.50547064947053,0.25311103032991,-4.13014092279509,1.86562842534941,1.06075110601346,1.04669776128691,1.88599768804474,0.076432868708798,-1.37815361810763,0.197675849665841,1.02713172124785,0.89688208745878,0.328615791072061,1.6528534619705,-3.47023766351779,-3.33528160883026,2.2617603223221,1.04451026128691,1.23692908452911,-0.217234428654504,3.42718146490019
"1964",1.16581305669708,0.968189460505678,1.79488288091584,-2.90564629388885,0.305155097712704,-0.646369560490389,9.74780768560331,4.4149613110916,3.44541876958772,1.40575690435334,-0.421637504826374,3.01211035894317,0.885047370661923,2.03191443609161,2.00720069097441,-1.00048912836151,1.11643317388456,0.845809394587688,0.713147041072081,-0.796577690373249,-0.708097465763849,1.09163184331815,3.77680091070102,3.38487494634552
"1965",1.24988349126742,1.37466162847445,-0.419272087345912,-0.595056694279485,-2.94022118402555,-2.25073876215057,1.93961737798616,1.4968170850174,0.81242041753693,-2.10835289789277,1.15545508550567,-3.02349144769743,1.25922614263457,1.04472022222445,-0.695809868107595,7.83136267827911,1.63996680425569,-1.97173668695524,-2.85567070795133,-0.399971855412316,-2.25772148920135,-0.87983757806855,1.36072760747832,-4.23383019281466
"1966",1.17925788091581,-1.63641289545134,-3.32026421381074,-0.067395866642785,1.55125800298615,-2.40389977289278,-1.6279570849045,-1.18950463129118,1.48488654302521,0.78551306890414,2.97298834966586,-0.221064079533401,-0.887099846134925,-0.126561210881014,2.52173499273224,2.44750250982208,0.0848911206619503,1.20505530523224,-0.925597465763867,-1.61939629388887,2.50553351568145,-0.801169060002133,-4.03359917474825,0.808036567439255
"1967",-2.13551445795134,0.928198920954871,2.46704108404081,-1.14818779779512,-0.503340080509957,-3.93911431146699,-1.08251549554898,1.04022681402128,-1.53496392084198,0.359281379450995,-0.390703972111505,-1.04660485101776,1.36386603521269,3.40996405767364,-0.690861442814642,1.01619574712679,-0.81399132562713,-1.03915947748258,3.51912329839632,-1.10334160638884,-1.79499413324434,1.69345343755647,-1.27266045404509,-1.7451506884201
"1968",-1.28859734369353,1.72550482915801,-1.712056511174,2.42447364019319,-2.98243859125216,0.894332343806472,-1.815266655217,-0.807346733341952,1.43873358892366,2.93015601324008,-3.59196007562715,-4.02417809320525,0.14522284673616,1.56033637212679,1.50288306402132,0.299859382380675,0.34140448736116,0.12943366216582,-2.06910210443573,-3.90077019525604,-0.525909050236528,0.63931128667758,-0.563564384709146,3.98401129888455
"1969",0.404134284724416,1.09990790532988,-4.00026085687715,-2.32761589838105,-1.87381981683809,1.46359107183381,3.42342078374788,2.33103430913849,0.999233772029142,-0.9936205370529,1.30748694585725,2.04777594732211,-3.06647850824433,0.993634406794722,1.95342414068146,4.02306342290803,1.73513770269316,1.62402533697052,0.282894965876771,-0.836425102482583,-2.88672844720916,1.85180884527133,3.7316513745682,-0.810080803166195
"1970",-0.7049633104904,1.78992804693147,2.68094458745879,2.59715064214628,2.42659156011507,1.60642249273224,3.06187598394315,-2.92317345453338,-2.9158364184006,1.46793311284944,1.28362006353299,-0.662072990666191,2.18742560552522,2.85798346685334,0.552570564021303,-2.28516930414278,5.04944037603302,-3.50297539545133,-1.86573693109588,-1.78258080316619,-0.867329643498245,-3.06687249017791,-4.34132805658418,0.859885932673664
"1971",2.30514563726349,-2.13481194330292,-4.08002404047089,1.67514105962678,-1.82440026117401,-0.218333976994347,-1.38537529779509,-1.42605522943571,-0.548782890568562,-3.72234490228727,-3.19160881830289,3.1514652173416,3.92726874517365,1.17547736333771,-1.6292427904709,0.969112617243979,-1.43643059564666,-0.172156914006059,1.18349494146274,-0.267927788029454,2.11199713872834,0.472602302302555,-1.18722649408414,1.6119324414627
"1972",0.927833320368961,-1.08822106195528,-1.96075737787321,2.46262580083773,1.60192206548615,1.60939582036898,-0.35271355463105,0.268588630427571,2.4191269605057,-2.02385308099821,3.02038886236116,3.36509528325956,-2.33916893793183,-4.07393090082247,-0.257800834904465,1.60657294439241,-3.01675896478728,-3.78845726800996,4.09331000493929,-1.58152001215055,-1.83813072992403,2.94626593755644,2.09897803472445,0.0108985059158315
"1973",1.99979163335721,1.85149420904083,-2.80698723627164,-3.38529656244355,1.40862219976351,0.710452338923658,7.59977576421663,1.05847052740019,3.50722541021273,-0.687334831486483,1.5247397534744,0.0792621533767804,2.97558905767367,3.25592383550567,-0.395092399845912,-0.659338615666188,0.339776984919726,-0.201885917912264,0.0133539502517872,1.0183100049393,1.03521308111116,-2.04215111566622,-0.50673851800995,-0.584748466740439
"1974",-1.45636620355685,-0.599531486759975,0.589624397029129,1.35472388433379,-1.93007073236541,0.926504585017385,3.98172675298614,0.843405524958784,-1.96652001215058,2.82860999273222,1.30641547368929,2.4211640088455,0.541656562556443,2.7071509473221,-0.620086296330264,-1.42867455316619,-0.847877739201356,2.15469367193145,0.914726325740059,1.7932529370682,-1.11979119134977,-0.25451958490449,1.9522055737869,0.896173469294765
"1975",-0.196927726994325,1.29799018072052,2.11794348882596,0.795588142146293,-1.11172661615449,2.49185645269318,-1.7991655809982,-0.819701469670081,1.51879828618929,0.990655891169722,1.53708136724394,-0.312616508732599,0.397349311579889,1.31697333501742,-0.663615654240444,-1.43164086175995,1.66614752935333,0.763639899958803,-1.01564202142789,-1.86591393304903,2.65144629644318,-3.01515221429899,0.0140109937088252,-0.239108818302932
"1976",1.79135321782988,-1.79784416986541,0.822153388728309,0.363219978083791,-1.40949028802949,3.95364569829866,0.104555122126751,-2.14586968256075,-3.26363549066622,0.149743415583805,0.0948346631424031,2.65339209722445,-0.158654716740437,-1.83242485834198,1.28674475835726,-4.01129814935762,1.63335364507599,2.35177222417757,1.11356238531035,-3.70968407465055,2.99248572515411,1.23300177740022,-1.06250725580291,2.34961951421662
"1977",-0.431404045353677,0.033837959040836,-1.3028139574631,-1.91806694818571,1.6765405957596,3.89292151616973,-0.290174492131057,1.03770423101347,-0.565106743107602,0.807129890193157,0.458145515193162,0.405286018122842,0.599263679255687,-1.15012993646697,0.554880439509593,0.0966849439041014,-2.33901665521698,-3.63578148675993,0.0467743604080303,-4.06687218500216,-1.48502831293182,0.556274177302537,1.3034818189041,-1.88537102533416
"1978",-1.59974816156463,1.68470099615021,-3.82154900384979,-0.621072014103704,-0.0983843309982401,2.01221442388457,2.88115698980254,2.42987342046662,2.42332617925565,3.52425452398225,0.365873481501771,2.754987251033,-0.128668754826358,1.68124152349397,3.26295752691195,0.00696021245880707,3.69491858648225,4.16280860113066,3.04050147222441,0.00546210454864854,-2.74344384027558,1.24270972417755,0.876098090876753,0.860966865290836
"1979",-0.616013420353718,2.25662390874786,-0.785800407658394,0.0196137158767826,2.12459540532989,0.15483924077909,-0.679087761174001,0.288007880915841,2.22279380010529,2.83648688482211,-0.0275930101974634,-1.57293175531464,2.19316840337674,0.488275214900213,1.37930487798617,-1.96995476556856,-0.326214531193539,2.92183966802521,3.08642615484164,0.208741523493977,1.63606879400179,2.80195624517367,1.12054053472443,2.06655707525178
"1980",4.29315497564242,0.644959480036914,-0.242838676701354,-1.25121178461154,1.67557959722444,1.30975836919707,0.337502204646312,2.20583777593534,-0.71767754388887,2.6929398267166,0.141125251521298,3.10001898931426,-0.909556205998226,1.01317389654082,2.54467719243927,-0.779205559025577,-2.80247551752166,-0.621965873966979,2.46060950445099,3.19275672124785,0.825266792048664,1.27103186773225,-2.25498162103732,-3.3333568651779
"1981",-0.752896965275563,2.71819831060333,-0.103816154728716,-1.76161797357633,-0.140031669865425,2.48269782232208,0.958764411677525,-2.71811913324435,0.255287544001749,-1.17954583002166,2.70695868657987,-1.07038140131071,3.10848151372831,-1.08808037592012,1.94773474859164,2.79971442388458,-0.471293876896689,-1.04986656976777,2.84615760015411,2.62559119390414,2.136373969783,-0.170933769474805,0.715446540583818,0.712652656306436
"1982",0.545574104060342,-2.63148308588103,1.23178412603303,-3.94188347650601,1.02279151128692,0.489364082087706,-4.73304711175997,-2.8782936937912,4.27301184820098,-0.225252006779486,1.68579413579862,1.14547034429477,-0.871545341740439,-0.971630180607576,1.84772833990022,0.135137702693157,-2.90504021478731,1.39269080327911,1.29919257329864,-1.17581261468964,0.352606269587713,0.259060127009597,-1.9488619310959,2.71794959234161
"1983",2.25439795659941,-0.0168190844162043,-0.0586849291427327,2.1331436841385,2.48146735357206,0.882295295466604,1.16735572027128,0.525070869197111,-0.556429985295102,-0.297298210392776,1.32134986089629,-0.465379265080233,-3.44343224359586,-0.767182243595878,0.579476386775193,0.980069648493977,2.31873114751742,-1.94953636957242,2.98575934575957,0.476531745661923,0.372584602107226,1.72842230962674,-2.2810457689865,3.90792578863067
"1984",-3.01888268304902,-0.781900261174008,0.895964423884595,1.41705786870878,-1.16210839105684,-0.547495964298992,-2.32625450922089,-1.15727471185759,0.891389533747854,-1.79927483392789,2.75664801763459,0.165669318904129,2.19998755620878,0.728363715876785,-0.926588371525545,-0.235421684513872,1.67162848638457,2.85438361333768,3.06350623296662,1.7251129834549,2.13176428960722,1.76977851079864,1.7485700147049,-1.15477776361543
"1985",0.22292456792758,1.65501990484164,3.12086432622835,4.35038428472444,1.66190833257601,3.76815894292755,0.339364997615064,2.42634589361114,1.56056250738069,-1.98226738763887,-0.075207451115439,8.9445532910721,0.231888801325999,-0.717397697697436,1.95902777837675,0.379117500056481,-1.78278099847872,1.54193854497835,1.11491339849395,3.42703437017362,-1.09170281244353,-2.62654290033418,-3.37462822748261,-2.76084709955289
"1986",3.5752741162674,2.15187201665803,1.24599188970492,2.34360419439238,3.55647681402128,-0.0682363207443407,0.079728156794765,2.25082495855258,-0.189126518498238,0.594918891658005,1.69185553716581,-0.729688041935729,-1.60675377679903,0.265766364802539,1.17935889409942,1.48522620366975,0.367466193904133,-1.09345574213106,-1.66050499750211,1.94300269292755,0.949332038630682,1.5623667065994,-0.780059440861501,2.08165839361117
"1987",2.96919440435332,0.750301582087688,1.21832404302522,-1.72532158685759,-0.965676811466954,-0.686151054631027,2.81350531743926,0.798375312556443,1.17245917486114,2.55409522222442,2.93054328130644,2.33558203863068,2.54590766118929,2.54409735845488,3.33234412359159,2.79269416021273,4.29383216070102,3.06040229009549,-0.205945366154499,-1.98339867425996,2.62368201421662,1.31000281499788,-2.33942192865446,0.963439399470528
"1988",-1.08805901361544,1.64782752202911,-0.297173698674026,-1.23598992181855,-0.552795341740403,1.61637030767365,-0.0160558397872776,-1.50838585687715,0.333200446833791,2.87354041265413,1.03966803716582,-2.04050591302947,1.67560675786893,1.87838446782989,1.95563849615022,0.854745246638481,1.23432624029085,-0.434073112736537,-0.418452385197452,2.50193427251739,1.71761328863065,-1.43045616937714,2.04323310064237,-0.725900810490435
"1989",1.76268866704867,0.939503242243954,1.65298926519318,1.7758679883377,1.1706601636307,0.523888618220528,1.96600928472441,-0.865827568302934,1.32210517095488,1.81738989995881,-0.216298149357617,0.37205115484164,0.663591682185351,2.98711554693148,-1.00007408929899,0.331862861384588,-1.8821382982834,-2.75098259759977,1.33967383550569,4.19892249273221,0.345846320857226,2.27358191656036,0.896512824763472,-0.0683254320724679
"1990",0.026417915095494,0.637409126033008,-1.36247124506072,2.66344367193144,2.28727698491971,1.60032569097442,2.02054602788846,3.73411963628693,1.87064673589631,2.15457556890411,1.60344397710726,0.85569403814238,2.71654669927519,3.3337049024002,2.50321112798616,1.99312812017367,0.521977302302546,0.446695014704901,-0.989872368107624,0.488575202693203,0.316608039607213,3.0504172437088,1.63465308355255,1.70568579839628
"1991",4.34646643804473,1.65800788091581,1.4559250562088,-3.9372228319748,1.03437049077913,3.02198645757599,-0.630870292912293,1.31692908452912,2.32887854741972,-1.32887902093962,2.26277503179472,3.15591162847445,3.76875647710725,-0.431530693302907,2.11612464116972,1.61301367925567,1.7135459058182,1.15040015386503,2.14427680181425,2.11365088628694,1.60042823003691,2.08313727544706,-0.254504631291202,0.381501533259604
"1992",1.12544440435333,-0.640532158146677,1.2077072827713,-0.156515129338068,-1.65715142084198,2.44729773687286,1.41133643316192,2.28439765142367,2.52731818365023,-0.382622612248252,-1.31752739740449,1.71213233159941,-0.625297172795088,0.058342048396298,-3.93880150629118,-2.62256920648649,0.368217231501771,-1.00340874506076,-0.733397758732592,1.26377265142364,3.16544226812289,-1.27389946771696,2.04741187261505,-0.333959282170108
"1993",0.182927924861128,0.136703254451001,-0.171249016056845,3.70628150152132,-0.196200493107617,-3.72971520258029,2.83849524663852,0.763425361384606,-1.75838280511934,2.72029212163851,1.67562079595487,-1.5932659227951,0.201135627497874,0.685405036677546,4.20947852300567,1.7992960278885,2.49239508794711,0.831980659236119,3.14985144781037,1.29077521490019,1.05067206548615,-0.963535698185724,0.955508186091615,-0.00808556390836906
"1994",3.07863013433379,2.61693885015411,-1.31776940179903,-0.0196016771896213,0.120054389704874,1.15692725347444,2.95362555669706,1.5252042310135,-0.562318962345912,2.17281928228303,-0.380305107365389,2.00954016851352,2.43138434575956,2.37427497075961,0.369968940486135,2.80133063482211,1.88917548345488,0.907896491755671,1.63876166509553,0.438266059626769,1.46441016363066,-1.49608818842008,-1.49246300531466,-1.45539177728728
"1995",2.63053168462676,0.979755927790857,1.54820380376742,2.30622260259554,2.15867468999786,1.82540595220492,2.78089636968536,-0.836547172795117,1.48289496587676,4.03384253667754,-1.75228630853727,2.76541083501739,0.636757880915822,3.34672034429474,1.35940802740021,3.00538031743925,2.17710547613065,1.83626624273225,-2.96720665765836,-0.195526359806841,-0.315360039006055,1.01113562749784,2.27037024663852,1.43576850103304
"1996",0.11842719243926,3.30994300054471,-2.04431542230682,1.81398871587675,2.10710456060332,3.15137549566193,0.367775031794713,2.01667945074008,2.46739936040804,-3.92255150629118,0.21134833501738,3.08258917974396,2.41338812993929,-2.43951042963105,1.62989661382601,3.1507117383377,-0.15907128168185,2.54950171636505,-1.51551232172091,2.29098639654081,2.78870551275175,3.9659189526932,1.42331702398226,1.40356574224396
"1997",2.30012274907991,2.17173010991974,0.65002143072051,1.46917761968538,2.45998969243925,1.61952887700959,0.169369575251799,1.50464026616972,-0.132114799748231,4.25895697759555,2.72603369878692,4.36833106206817,0.55388190435332,1.7043854443924,2.38408271001737,1.41140357183382,0.792230598200999,-0.054782951603677,8.91696753667756,3.35163764165804,2.68385382818145,3.9184952466385,0.897457343806484,1.41337195562289
"1998",0.198562995661907,3.82535987066191,2.47268805669707,2.08681677984161,1.29156928228304,1.04319983648223,3.42722327398224,1.36214667486115,2.226869270076,3.5295011060135,-1.48665734125214,4.2945078198807,1.44367011236113,2.21902686284944,0.586901618708803,3.84412909673612,-0.653533256779467,1.64520331548612,1.7153540723221,3.8065094678299,4.71814704107211,0.793237067927546,2.8921292798416,2.94418799566192
"1999",3.14602027105255,-0.319021843205285,1.25435828374784,0.862405158747883,2.35414496587679,2.25499335454866,1.89042121099397,4.39368903325956,1.01223548101348,2.58579199956816,-2.32857262445528,1.83740302251741,2.93206916021272,2.35626258062288,4.76760352300566,2.18956671880646,4.18493018316192,2.98158972906038,1.66238440679474,2.31473883794706,0.59186774419707,2.52281317876738,2.04054846929474,2.32481482671663
"2000",2.90661444829863,2.62499457525179,4.34948310064241,0.00050086187284909,2.48578040288847,1.02963904546664,1.77350257085725,2.33147376226348,1.45958991216585,-0.55233727289278,2.28851233648225,2.70164405034945,-0.0900945360763719,1.51446845220492,1.35600836919711,-0.378929985295099,-1.44281456781463,-0.836239555607588,3.1841202466385,4.09057837652128,0.784571906794719,3.95263068365023,1.46360816167753,1.3194849316971
"2001",0.399318305720542,2.18212317632598,1.16755255865022,1.4878568189041,0.854014350642392,0.0820401685134718,4.14476020025175,3.88579871343536,1.57740180181424,0.815362617243943,-0.410184257756028,2.39131781743927,2.06929480718535,1.66772589849396,2.24803748296659,1.52001135991975,2.17907538579864,-1.81584374261932,1.1232083814041,-0.885549247990409,-0.118334587345894,3.11031684087678,-0.391627739201376,3.66105902837679
"2002",0.972558662165832,0.375701362361124,-0.202093132267785,1.66545478032988,2.98664710210723,2.42032660650175,3.45100135015413,2.53129676031035,2.3270609204666,2.84575293706818,3.67915229009551,4.34740882085726,3.33209204839632,-0.415564201603709,1.37540717290802,-4.04587426019746,1.43562628911895,0.486013557185358,1.95488288091583,-0.558603142033405,8.86235968755647,1.21768836187286,2.73644751714628,3.87773749517365
"2003",4.49273902105254,2.35787207769316,1.51881232427522,0.652579719294724,-0.6628786547287,2.44529486822051,2.47460944341583,-0.0868090136154003,-0.383340080509927,2.47215003179474,1.05002387212675,2.07102027105253,3.52249274419711,3.58549018072054,2.93144324468538,1.20446875738067,2.26484717534943,3.42085486577914,1.10513343023225,2.25762824224395,4.69665076421664,2.94550421880645,-0.0310616381271418,2.95931525396268
"2004",-0.131647270451372,-0.475960930119307,1.56487708257596,8.2675168530838,0.524373237361171,3.71678229497837,2.83880438970492,0.388898994197093,2.5446420972244,7.87419287847442,3.01886084722445,1.43729254888458,3.79867438482209,1.53554022954864,4.62288367437286,2.80915656255644,11.0615714185135,2.68128821538851,2.43856482671661,0.073023139704894,-1.09131462884977,1.31298499273225,2.62132300542756,-1.07302086664278
"2005",-2.9617781908615,3.76145728277133,-1.28371056390841,0.822981940974443,3.53442816900177,1.46187537359161,2.67053717779084,2.00128791021273,0.154906379451015,1.60783393072051,1.65862036870881,7.77086432622835,1.55002509282988,2.2609818189041,2.78584815191194,1.97085913824004,2.20227545904081,-0.759760673771653,2.26924536870881,1.31370917486113,3.30169165777127,3.20719641851349,4.31270545171662,4.64593054937285
"2006",1.96225623296659,0.914248725642392,2.00966406988066,1.38805731939237,1.64916327642363,0.0641672437088184,2.88372351812287,2.2364231030838,3.51491522954864,3.53656684087675,6.77551825689238,1.33792304204864,-1.52527916742403,0.802841865290843,3.12428687261505,2.65354102300568,3.49893836187284,6.73153601812287,0.968114082087722,2.60256354497835,0.0834931104080417,1.6386185376541,1.43451941656034,7.5015857617752
"2007",3.92007086919708,2.53215766118927,3.69337073491974,0.839277412165818,0.361562263240043,-0.729126823673989,2.81721717046661,1.46435584234164,2.6353699414627,2.34127173589632,3.15153479741974,2.42559851812286,1.9820712964432,1.03797705816193,3.2432834546463,3.64529791997831,4.91018164800566,1.98189276861112,2.34863410161897,3.54429968999786,2.70211341070098,2.93638983892367,4.03196326421662,3.97311194585722
"2008",7.25380835699007,2.42501441167758,2.36387702154082,0.854550849665831,3.60451850103305,1.56361823247834,2.18491645025175,1.15694159673614,3.43102423833771,1.83783911870883,3.56504187749788,3.39127387212676,3.59292700933378,5.01268439458769,3.66259650396269,0.112655402888495,3.14550940679473,2.94206458257601,2.31180640386505,2.29276709722442,2.61642493413846,2.17058844732208,0.490985175837732,2.80404669927522
"2009",1.79385108159945,2.68008826421664,1.53974402593534,3.57165259527127,3.2128745190994,3.08401648687289,3.84145606206817,-0.433840263615414,9.48547034429475,0.87051062749786,2.44742591070097,2.07941870855257,3.07578162359163,-0.587690361271675,2.53302405523225,3.48455420659946,3.16923224615019,3.85524542974396,6.96738013433378,4.00460364507601,1.61018805669709,1.76040076421662,1.26335761236112,1.21159888433379
"2010",-0.730543449650568,-1.43562004877167,7.30016120122835,2.36909979986115,2.64114936040805,1.21251380132598,1.90318823980253,2.36220648931428,-0.0388771898849293,1.92949042486113,3.65412299322051,2.03618964361117,0.648588630427546,3.87702521490022,1.81014289068144,1.92034705327914,1.86735022710724,3.37045935796661,2.27487128423612,3.25461310552521,7.6691269605057,4.23255835699007,2.53665656255644,-0.0267797167403889
"2011",4.36741614507601,7.60177619146269,3.6407620923416,2.72152747320101,2.76760901616976,2.13193885015413,1.58546668218534,1.60917670415805,3.5044489209549,3.51230719732212,3.9465534131424,4.18782538579867,-0.0428991015060481,3.86748572515413,4.67633948491972,4.56391608404086,1.21757117437289,2.48527594732207,4.45560095952914,2.7488461987869,2.1569162671463,2.50733069585724,3.75884284185334,2.09767798589632
"2012",2.73768775152132,4.83392279790803,1.05582862066192,10.7814752881424,3.51396887945097,1.9810034863846,3.41455176519316,2.67862708257599,4.35397681402128,2.10178412603301,3.02354834722442,2.04675452398222,2.94005622075956,2.86138312505647,4.68260535406037,2.05186865972442,3.29746131109162,4.11926551031036,3.01441657232208,4.14454413579867,2.67349433111114,1.75273535894317,2.65913855718535,1.533636848201
"2013",8.59277899907991,9.38083716558383,1.22647193120883,2.62486457036895,2.24588172124786,2.41452002691191,2.9273056714432,-0.0230623705489918,1.41175635503694,2.9967127149002,3.7609641187088,-0.703428276310713,3.57596686529084,1.62702918218536,1.49429419683383,2.16625983404082,2.74656531499787,2.88592841314237,1.81502631353303,4.71654059575958,3.26357489751738,2.19830115484161,3.81797095464632,3.3469409863846
"2014",0.521010505427564,5.0444504468338,2.37169257329864,2.6951108472244,2.7953082959549,6.5271216504471,2.87218024419707,4.60066992925569,2.23079901861112,3.64967017339631,-1.25674675775602,2.18250250982209,3.5941690747635,9.48420996831818,7.8295917432205,1.00567176031035,4.72175910161894,1.81467353032988,4.43468512700958,1.98595374273222,1.68917212652132,1.53175391363067,2.04627631353304,2.10692877935336
"2015",4.31368872808378,2.68861823247831,1.71084052251738,2.34445624517366,3.74421179937289,-1.17111687494356,1.46461646245878,2.4522107617752,1.33530249761503,1.59011573003693,2.35662635015409,3.68144202398227,1.47319190191192,11.5455609815018,2.53226996587678,1.54908637212679,4.11692908452913,2.2381870190994,3.42045294927523,1.91937323736117,1.68278021978299,4.38460578130644,2.35323035406036,3.88310187505648
"2016",1.17195899175568,0.99187781499789,4.53070288824007,2.65942542241974,1.05576911138457,2.28606452154081,2.13852301763461,9.51507086919711,2.42840735601349,4.9482623975174,3.57759284185332,4.39904273199003,2.3601535718338,5.84351386236118,3.85483679937288,1.25526343511508,1.57903418706816,3.78515601324007,4.10703040288847,3.27522528814242,2.2272809522049,3.31231879400176,7.25842505620882,4.59827094243926
"2017",4.18830908941194,2.27252661870879,0.846363898982244,3.59417609380644,3.65839270757597,0.519640266169731,2.67344245122835,2.81910285161895,3.46371680425566,2.84453742193148,3.51428595708774,-0.146356743107592,6.9221713940994,3.87262610601352,10.1947260205643,3.59493811773224,2.43680884527128,2.61557257818143,1.70923346685336,2.02306616949007,2.2247144238846,4.10371985601349,8.8467890088455,2.05216742681425
"2018",3.71285315679474,3.76331885503696,4.32826148199005,4.96911902593539,8.09741950200958,1.63197425054475,4.76661200689239,3.54562537359161,1.69361273931425,1.37222632574006,2.98875983404085,3.56175818609162,2.91728369878692,4.31829291509555,5.0427728955643,4.56570136236114,5.0631027905838,8.2364282910721,4.33343756841585,7.69418067144317,1.71032996343535,3.9707456128494,3.59994971441191,3.9302060620682
"2019",4.35324835943143,3.93747412847443,2.29421118902129,3.72320471929476,2.18942145513461,2.64105292486114,3.48143103765412,3.8205005566971,2.4925839917557,9.06679724859161,8.02341986822051,4.39041571782987,1.64260291265413,4.44035620855255,1.99989600347445,2.19387396978304,1.08544776128693,3.59851660894319,4.21149085210722,0.471031562556461,4.03334143804472,2.24530005620878,2.81629096197054,2.08742957281036
"2020",2.32061591314241,1.79183539556429,1.17086066411894,3.27261298345488,1.6527350537674,2.54571204351346,2.54409979986114,2.5373642651932,3.63321479009552,3.58611853765414,1.85508277105255,4.16776465581817,1.11294989751741,3.89312598394318,3.32361701177523,1.98723578618928,0.340481940974412,2.91735053228301,2.03370703863065,10.0979343335526,3.23568152593534,10.1533121411697,2.79668067144319,4.12923560308378
"2021",2.28997931646269,2.9228574292557,1.24003272222442,4.45362830327911,3.56788184331816,7.96049567388461,1.43735449956818,7.78630469488065,7.46830542730253,3.18678931402128,2.98502936529083,4.29698554204859,8.29232123540804,3.33433386968539,4.67069770025177,1.3399594800369,3.97982886480253,2.93578223394319,4.05066260503691,1.96101630376742,1.89074378179472,7.75119269536895,2.2919049756424,9.38863715337678
"2022",4.23220740484162,3.7292319409744,3.79988501714632,4.92841406988067,3.60296332525175,3.87542151616972,2.66636237310335,3.91869971441195,2.92738288091582,0.643935920466622,3.55504065679472,3.40230719732206,3.90247504400178,4.59747840093539,3.3241342847244,9.11106269048613,2.1960553662674,2.93837317632598,1.77554114507599,2.41411780523225,2.18328742193144,4.34728766607208,1.00023993657991,1.5878961865799
